dataset,breeds_name,testset,logit_threshold,frac_accepted,acc_true,acc_est_mm,acc_est_tdc,fdr_mixmax,fdr_tdc,fdr_true
breeds,entity13,corr_source_brightness_sev1,1.079170,0.000000,0.938923,0.939556,0.914858,0.060444,0.085142,0.061077
breeds,entity13,corr_source_brightness_sev1,3.880103,0.010000,0.942462,0.933144,0.914134,0.059242,0.081317,0.054805
breeds,entity13,corr_source_brightness_sev1,4.419891,0.020154,0.942462,0.925950,0.917829,0.058346,0.075093,0.050220
breeds,entity13,corr_source_brightness_sev1,4.905389,0.030154,0.941385,0.920656,0.917262,0.056521,0.071004,0.046161
breeds,entity13,corr_source_brightness_sev1,5.338966,0.040308,0.938000,0.915718,0.915519,0.054402,0.067373,0.043068
breeds,entity13,corr_source_brightness_sev1,5.599324,0.050462,0.934308,0.909275,0.913943,0.053030,0.063577,0.040129
breeds,entity13,corr_source_brightness_sev1,5.922105,0.060462,0.930154,0.904676,0.913897,0.050719,0.058956,0.037498
breeds,entity13,corr_source_brightness_sev1,6.185483,0.070615,0.926462,0.899604,0.910685,0.048540,0.055866,0.034414
breeds,entity13,corr_source_brightness_sev1,6.445069,0.080769,0.922154,0.895399,0.908923,0.045840,0.051918,0.031611
breeds,entity13,corr_source_brightness_sev1,6.688005,0.090769,0.916462,0.890328,0.907350,0.043634,0.047855,0.029611
breeds,entity13,corr_source_brightness_sev1,6.936656,0.100923,0.911231,0.885548,0.901183,0.041138,0.046179,0.027161
breeds,entity13,corr_source_brightness_sev1,7.214048,0.111077,0.907231,0.881912,0.894350,0.037942,0.044838,0.024057
breeds,entity13,corr_source_brightness_sev1,7.369414,0.121077,0.901231,0.875595,0.891996,0.036278,0.040999,0.022055
breeds,entity13,corr_source_brightness_sev1,7.536509,0.131231,0.894462,0.869022,0.887880,0.034641,0.038003,0.020325
breeds,entity13,corr_source_brightness_sev1,7.770411,0.141385,0.889538,0.863767,0.880640,0.032199,0.036755,0.017560
breeds,entity13,corr_source_brightness_sev1,7.938988,0.151385,0.881077,0.857601,0.875276,0.030319,0.034457,0.016857
breeds,entity13,corr_source_brightness_sev1,8.106870,0.161538,0.873077,0.851017,0.869652,0.028557,0.032173,0.015737
breeds,entity13,corr_source_brightness_sev1,8.284868,0.171538,0.864923,0.843896,0.863211,0.027164,0.030413,0.014851
breeds,entity13,corr_source_brightness_sev1,8.451529,0.181692,0.859077,0.836969,0.857699,0.025530,0.027955,0.012401
breeds,entity13,corr_source_brightness_sev1,8.644689,0.191846,0.851692,0.830896,0.851633,0.023326,0.025776,0.010830
breeds,entity13,corr_source_brightness_sev1,8.792501,0.201846,0.842615,0.823674,0.845191,0.021878,0.023871,0.010409
breeds,entity13,corr_source_brightness_sev1,8.914696,0.212000,0.833385,0.815747,0.838574,0.020747,0.021934,0.009932
breeds,entity13,corr_source_brightness_sev1,9.073959,0.222154,0.824154,0.809081,0.831931,0.018775,0.019964,0.009481
breeds,entity13,corr_source_brightness_sev1,9.215860,0.232154,0.815385,0.801945,0.824787,0.017155,0.018364,0.008814
breeds,entity13,corr_source_brightness_sev1,9.380881,0.242308,0.806462,0.794221,0.816594,0.015781,0.017316,0.008104
breeds,entity13,corr_source_brightness_sev1,9.508539,0.252462,0.796923,0.786169,0.809900,0.014590,0.015237,0.007798
breeds,entity13,corr_source_brightness_sev1,9.672863,0.262462,0.787538,0.778465,0.801795,0.013231,0.014159,0.007477
breeds,entity13,corr_source_brightness_sev1,9.832455,0.272615,0.778308,0.769918,0.792989,0.012311,0.013430,0.006971
breeds,entity13,corr_source_brightness_sev1,9.935966,0.282769,0.768154,0.760753,0.784046,0.011797,0.012776,0.006971
breeds,entity13,corr_source_brightness_sev1,10.035473,0.292769,0.759385,0.751809,0.774994,0.011216,0.012286,0.006285
breeds,entity13,corr_source_brightness_sev1,10.134352,0.302923,0.749846,0.742993,0.765281,0.010420,0.012149,0.005931
breeds,entity13,corr_source_brightness_sev1,10.241879,0.313077,0.739692,0.734068,0.756903,0.009680,0.011036,0.005931
breeds,entity13,corr_source_brightness_sev1,10.349155,0.323077,0.730308,0.724624,0.747225,0.009412,0.010961,0.005682
breeds,entity13,corr_source_brightness_sev1,10.475120,0.333231,0.720462,0.715139,0.738576,0.009054,0.010000,0.005534
breeds,entity13,corr_source_brightness_sev1,10.589538,0.343231,0.710462,0.706077,0.728909,0.008478,0.009899,0.005534
breeds,entity13,corr_source_brightness_sev1,10.703951,0.353385,0.700615,0.696590,0.719094,0.008095,0.009792,0.005464
breeds,entity13,corr_source_brightness_sev1,10.800985,0.363538,0.691077,0.687434,0.710158,0.007441,0.008991,0.005034
breeds,entity13,corr_source_brightness_sev1,10.902987,0.373538,0.681692,0.678465,0.701059,0.006736,0.008416,0.004648
breeds,entity13,corr_source_brightness_sev1,11.025002,0.383692,0.671538,0.669019,0.691286,0.006273,0.008246,0.004648
breeds,entity13,corr_source_brightness_sev1,11.125106,0.393846,0.661385,0.659104,0.681299,0.006181,0.008246,0.004648
breeds,entity13,corr_source_brightness_sev1,11.227818,0.403846,0.651385,0.649851,0.672060,0.005658,0.007746,0.004648
breeds,entity13,corr_source_brightness_sev1,11.305046,0.414000,0.641538,0.640088,0.662549,0.005423,0.007332,0.004648
breeds,entity13,corr_source_brightness_sev1,11.404572,0.424154,0.631692,0.630187,0.653254,0.005299,0.006715,0.004488
breeds,entity13,corr_source_brightness_sev1,11.496668,0.434154,0.622000,0.620394,0.643389,0.005210,0.006715,0.004344
breeds,entity13,corr_source_brightness_sev1,11.585684,0.444308,0.612154,0.610445,0.633486,0.005121,0.006612,0.004131
breeds,entity13,corr_source_brightness_sev1,11.676870,0.454462,0.602308,0.600471,0.623663,0.005051,0.006432,0.003947
breeds,entity13,corr_source_brightness_sev1,11.765891,0.464462,0.592615,0.590657,0.613791,0.004971,0.006432,0.003729
breeds,entity13,corr_source_brightness_sev1,11.854837,0.474615,0.582462,0.580726,0.603768,0.004855,0.006432,0.003729
breeds,entity13,corr_source_brightness_sev1,11.935556,0.484769,0.572923,0.570995,0.594222,0.004541,0.005968,0.003278
breeds,entity13,corr_source_brightness_sev1,12.019580,0.494769,0.563231,0.561085,0.584342,0.004541,0.005968,0.003042
breeds,entity13,corr_source_brightness_sev1,12.115148,0.504923,0.553077,0.551205,0.574649,0.004358,0.005625,0.003042
breeds,entity13,corr_source_brightness_sev1,12.196068,0.514923,0.543385,0.541629,0.564762,0.004011,0.005625,0.002801
breeds,entity13,corr_source_brightness_sev1,12.292551,0.525077,0.533231,0.531965,0.555479,0.003581,0.004828,0.002801
breeds,entity13,corr_source_brightness_sev1,12.382967,0.535231,0.523077,0.521884,0.545424,0.003581,0.004828,0.002801
breeds,entity13,corr_source_brightness_sev1,12.476799,0.545231,0.513385,0.511985,0.535895,0.003549,0.004416,0.002675
breeds,entity13,corr_source_brightness_sev1,12.556725,0.555385,0.503231,0.502152,0.526079,0.003269,0.004137,0.002675
breeds,entity13,corr_source_brightness_sev1,12.653449,0.565538,0.493077,0.492064,0.516009,0.003269,0.004137,0.002675
breeds,entity13,corr_source_brightness_sev1,12.728295,0.575538,0.483385,0.482195,0.506259,0.003192,0.003940,0.002522
breeds,entity13,corr_source_brightness_sev1,12.814608,0.585692,0.473231,0.472551,0.496990,0.002655,0.002968,0.002522
breeds,entity13,corr_source_brightness_sev1,12.903709,0.595846,0.463077,0.462451,0.486896,0.002655,0.002968,0.002522
breeds,entity13,corr_source_brightness_sev1,12.990910,0.605846,0.453077,0.452504,0.476956,0.002655,0.002968,0.002522
breeds,entity13,corr_source_brightness_sev1,13.079444,0.616000,0.443231,0.442404,0.466862,0.002655,0.002968,0.002361
breeds,entity13,corr_source_brightness_sev1,13.182682,0.626154,0.433077,0.432315,0.456873,0.002642,0.002828,0.002361
breeds,entity13,corr_source_brightness_sev1,13.259949,0.636154,0.423077,0.422486,0.446930,0.002478,0.002828,0.002361
breeds,entity13,corr_source_brightness_sev1,13.330553,0.646308,0.412923,0.412383,0.436834,0.002478,0.002828,0.002361
breeds,entity13,corr_source_brightness_sev1,13.428267,0.656462,0.402769,0.402407,0.426737,0.002292,0.002828,0.002361
breeds,entity13,corr_source_brightness_sev1,13.505378,0.666462,0.392769,0.392590,0.416862,0.002087,0.002726,0.002361
breeds,entity13,corr_source_brightness_sev1,13.604564,0.676615,0.382923,0.382841,0.407311,0.001526,0.001880,0.002353
breeds,entity13,corr_source_brightness_sev1,13.687917,0.686615,0.372923,0.372872,0.397348,0.001526,0.001880,0.002353
breeds,entity13,corr_source_brightness_sev1,13.792484,0.696769,0.363077,0.362749,0.387233,0.001526,0.001880,0.002003
breeds,entity13,corr_source_brightness_sev1,13.888918,0.706923,0.352923,0.352747,0.377306,0.001320,0.001557,0.002003
breeds,entity13,corr_source_brightness_sev1,13.972356,0.716923,0.342923,0.342773,0.367337,0.001320,0.001557,0.002003
breeds,entity13,corr_source_brightness_sev1,14.073177,0.727077,0.332769,0.332646,0.357215,0.001320,0.001557,0.002003
breeds,entity13,corr_source_brightness_sev1,14.169624,0.737231,0.322615,0.322519,0.347093,0.001320,0.001557,0.002003
breeds,entity13,corr_source_brightness_sev1,14.268067,0.747231,0.312615,0.312546,0.337124,0.001320,0.001557,0.002003
breeds,entity13,corr_source_brightness_sev1,14.382844,0.757385,0.302769,0.302512,0.327145,0.001128,0.001263,0.001833
breeds,entity13,corr_source_brightness_sev1,14.487884,0.767538,0.292615,0.292381,0.317016,0.001128,0.001263,0.001833
breeds,entity13,corr_source_brightness_sev1,14.572037,0.777538,0.282923,0.282403,0.307042,0.001128,0.001263,0.001366
breeds,entity13,corr_source_brightness_sev1,14.680695,0.787692,0.272769,0.272272,0.296913,0.001128,0.001263,0.001366
breeds,entity13,corr_source_brightness_sev1,14.776032,0.797846,0.262615,0.262141,0.286785,0.001128,0.001263,0.001366
breeds,entity13,corr_source_brightness_sev1,14.909409,0.807846,0.252615,0.252164,0.276811,0.001128,0.001263,0.001366
breeds,entity13,corr_source_brightness_sev1,15.023850,0.818000,0.242462,0.242033,0.266682,0.001128,0.001263,0.001366
breeds,entity13,corr_source_brightness_sev1,15.123710,0.828154,0.232308,0.232000,0.256687,0.000844,0.000877,0.001366
breeds,entity13,corr_source_brightness_sev1,15.247655,0.838154,0.222308,0.222017,0.246704,0.000844,0.000877,0.001366
breeds,entity13,corr_source_brightness_sev1,15.400696,0.848308,0.212462,0.211880,0.236568,0.000844,0.000877,0.001005
breeds,entity13,corr_source_brightness_sev1,15.550865,0.858308,0.202462,0.201897,0.226586,0.000844,0.000877,0.001005
breeds,entity13,corr_source_brightness_sev1,15.686937,0.868462,0.192308,0.191760,0.216450,0.000844,0.000877,0.001005
breeds,entity13,corr_source_brightness_sev1,15.872826,0.878615,0.182154,0.181623,0.206314,0.000844,0.000877,0.001005
breeds,entity13,corr_source_brightness_sev1,16.061869,0.888615,0.172154,0.171640,0.196331,0.000844,0.000877,0.001005
breeds,entity13,corr_source_brightness_sev1,16.207699,0.898769,0.162000,0.161504,0.186195,0.000844,0.000877,0.001005
breeds,entity13,corr_source_brightness_sev1,16.446476,0.908923,0.151846,0.151367,0.176059,0.000844,0.000877,0.001005
breeds,entity13,corr_source_brightness_sev1,16.647369,0.918923,0.141846,0.141384,0.166077,0.000844,0.000877,0.001005
breeds,entity13,corr_source_brightness_sev1,16.880527,0.929077,0.131692,0.131247,0.155941,0.000844,0.000877,0.001005
breeds,entity13,corr_source_brightness_sev1,17.146442,0.939231,0.121538,0.121110,0.145805,0.000844,0.000877,0.001005
breeds,entity13,corr_source_brightness_sev1,17.452141,0.949231,0.111538,0.111127,0.135822,0.000844,0.000877,0.001005
breeds,entity13,corr_source_brightness_sev1,17.783936,0.959385,0.101385,0.100990,0.125686,0.000844,0.000877,0.001005
breeds,entity13,corr_source_brightness_sev1,18.175306,0.969538,0.091231,0.090905,0.115603,0.000000,0.000000,0.001005
breeds,entity13,corr_source_brightness_sev1,18.671858,0.979538,0.081231,0.080905,0.105603,0.000000,0.000000,0.001005
breeds,entity13,corr_source_brightness_sev1,19.516464,0.989692,0.071385,0.070751,0.095450,0.000000,0.000000,0.000000
breeds,entity13,corr_source_brightness_sev1,25.428146,0.999846,0.061231,0.060597,0.085296,0.000000,0.000000,0.000000
